{"stats":{"minecraft:mined":{"minecraft:light_blue_stained_glass_pane":2,"minecraft:white_bed":1,"luminousworld:grassvariant_4":1,"minecraft:mossy_stone_brick_slab":1,"minecraft:jungle_leaves":2,"minecraft:grass_block":21,"minecraft:infested_cobblestone":1,"minecraft:redstone_wire":1,"luminousworld:grassvariant_2":1,"minecraft:chiseled_stone_bricks":1,"minecraft:spawner":1,"minecraft:black_stained_glass_pane":1,"minecraft:vine":19,"minecraft:light_gray_concrete":4,"minecraft:bamboo":1,"minecraft:stone":22,"minecraft:bone_block":24,"minecraft:tripwire":2,"minecraft:podzol":3,"minecraft:observer":3,"minecraft:dropper":1,"minecraft:melon":12,"minecraft:cobblestone":10,"minecraft:lapis_ore":1,"minecraft:iron_door":1,"supplementaries:urn":1,"minecraft:skeleton_skull":2,"minecraft:jungle_wood":1,"minecraft:light_gray_stained_glass":1,"minecraft:wither_rose":1,"minecraft:grass":6,"minecraft:coal_ore":10,"minecraft:oak_log":10,"minecraft:gravel":3,"minecraft:smooth_quartz":2,"minecraft:dirt":42,"minecraft:cobweb":9,"minecraft:stone_bricks":1,"minecraft:tripwire_hook":1,"minecraft:stonecutter":1,"minecraft:oak_leaves":2,"minecraft:emerald_block":1,"minecraft:fern":1},"minecraft:picked_up":{"minecraft:cocoa_beans":2,"sophisticatedbackpacks:gold_backpack":1,"luminousworld:groundpebbles_1":4,"minecraft:wheat":1,"minecraft:redstone_lamp":7,"aether:iron_gloves":3,"minecraft:wooden_pickaxe":2,"minecraft:wither_rose":1,"minecraft:enchanted_book":1,"minecraft:shield":1,"minecraft:string":65,"minecraft:iron_leggings":1,"minecraft:gold_nugget":28,"alexsmobs:banana":2,"minecraft:observer":2,"minecraft:smooth_quartz":8,"minecraft:spruce_slab":1,"minecraft:melon_slice":56,"minecraft:mangrove_log":2,"minecraft:iron_boots":1,"minecraft:tipped_arrow":1,"minecraft:dark_oak_sapling":2,"minecraft:stick":13,"minecraft:stone":16,"minecraft:torch":51,"minecraft:cookie":5,"tombstone:grave_dust":11,"minecraft:redstone":5,"minecraft:rotten_flesh":19,"minecraft:stone_sword":1,"minecraft:arrow":7,"tombstone:scroll_of_aquatic_life":1,"supplementaries:ash":2,"minecraft:rail":2,"minecraft:skeleton_skull":4,"minecraft:bone_block":47,"minecraft:cobblestone":36,"born_in_chaos_v1:corpse_maggot":3,"minecraft:leather_chestplate":6,"born_in_chaos_v1:monster_flesh":1,"minecraft:iron_door":2,"minecraft:jungle_wood":11,"quark:smithing_template_rune":2,"minecraft:oak_log":42,"iceandfire:ectoplasm":3,"minecraft:gunpowder":2,"minecraft:lapis_lazuli":5,"minecraft:dirt":121,"tombstone:gift":2,"born_in_chaos_v1:monster_skin":1,"minecraft:leather_boots":4,"minecraft:bone":11,"minecraft:stone_bricks":1,"minecraft:stonecutter":2,"minecraft:wheat_seeds":6,"minecraft:iron_ingot":2,"minecraft:stone_pickaxe":1,"minecraft:bamboo":44,"minecraft:oak_planks":5,"minecraft:iron_sword":1,"minecraft:emerald_block":1,"minecraft:chiseled_stone_bricks":1,"luminousworld:creepberries":3,"minecraft:gravel":3,"minecraft:jungle_planks":3,"minecraft:white_bed":1,"minecraft:mossy_stone_brick_slab":1,"minecraft:barrel":1,"minecraft:light_gray_concrete":4,"minecraft:dispenser":1,"minecraft:diamond":4,"minecraft:stone_axe":2,"minecraft:soul_lantern":3,"minecraft:iron_helmet":3,"minecraft:golden_horse_armor":1,"tombstone:magic_scroll":1,"minecraft:dark_oak_fence":3,"minecraft:coal":20},"minecraft:killed":{"born_in_chaos_v1:maggot":1,"creeperoverhaul:bamboo_creeper":1,"minecraft:skeleton":6,"minecraft:silverfish":1,"minecraft:magma_cube":1,"minecraft:husk":5,"iceandfire:ghost":5,"enemyexpansion:botfly":4},"minecraft:killed_by":{"minecraft:husk":3,"minecraft:skeleton":1,"iceandfire:ghost":2,"enemyexpansion:invisicreeper":1},"minecraft:custom":{"minecraft:mob_kills":24,"minecraft:interact_with_crafting_table":15,"minecraft:open_barrel":10,"minecraft:leave_game":1,"minecraft:time_since_death":9275,"minecraft:climb_one_cm":56950,"minecraft:sprint_one_cm":159448,"minecraft:walk_one_cm":312395,"minecraft:damage_blocked_by_shield":50,"minecraft:drop":65,"minecraft:play_time":123458,"minecraft:deaths":11,"minecraft:sneak_time":952,"minecraft:walk_under_water_one_cm":20813,"minecraft:jump":1048,"minecraft:interact_with_blast_furnace":2,"minecraft:walk_on_water_one_cm":10184,"minecraft:total_world_time":123458,"minecraft:interact_with_furnace":6,"minecraft:tune_noteblock":1,"minecraft:interact_with_stonecutter":1,"minecraft:time_since_rest":9182,"minecraft:damage_taken":3818,"minecraft:trigger_trapped_chest":1,"minecraft:damage_dealt":5801,"tombstone:cast_on_ally":1,"minecraft:swim_one_cm":9388,"minecraft:fly_one_cm":82613,"minecraft:open_chest":42,"minecraft:crouch_one_cm":4305,"tombstone:undead_killed":16,"minecraft:fall_one_cm":20762,"minecraft:inspect_dispenser":5},"minecraft:dropped":{"minecraft:wheat_seeds":3,"minecraft:oak_log":26,"minecraft:diamond":4,"minecraft:dark_oak_sapling":1,"minecraft:iron_helmet":1,"minecraft:cobblestone":19,"minecraft:jungle_wood":1,"minecraft:stick":13,"minecraft:redstone_lamp":7,"minecraft:dirt":38,"tombstone:magic_scroll":1,"minecraft:torch":51,"minecraft:dark_oak_fence":2,"minecraft:smooth_quartz":6,"minecraft:iron_door":1,"minecraft:gold_nugget":12,"minecraft:bone_block":12,"minecraft:stonecutter":1,"minecraft:string":55,"minecraft:stone_axe":1,"tombstone:scroll_of_aquatic_life":1,"minecraft:wheat":3,"minecraft:soul_lantern":3,"minecraft:rotten_flesh":12,"minecraft:oak_planks":5,"minecraft:mossy_stone_brick_slab":1,"minecraft:leather_chestplate":4,"minecraft:stone":16,"minecraft:shield":2,"aether:iron_gloves":1,"minecraft:skeleton_skull":4,"minecraft:charcoal":4,"luminousworld:groundpebbles_1":4,"minecraft:leather_boots":3,"minecraft:barrel":1,"minecraft:spruce_slab":1,"minecraft:wooden_pickaxe":1},"minecraft:used":{"minecraft:stone_sword":48,"quark:jungle_chest":1,"minecraft:chest":1,"minecraft:shield":1,"minecraft:iron_sword":78,"tombstone:scroll_of_purification":1,"minecraft:torch":41,"minecraft:dirt":47,"minecraft:cocoa_beans":2,"minecraft:bamboo":1,"minecraft:bow":3,"alexsmobs:banana":2,"tombstone:gift":6,"minecraft:observer":2,"minecraft:stone_pickaxe":28,"minecraft:cookie":5,"minecraft:jungle_wood":1,"minecraft:glow_berries":5,"minecraft:crafting_table":3,"minecraft:white_bed":1,"minecraft:redstone_torch":1,"luminousworld:creepberries":1,"minecraft:diamond_pickaxe":76,"born_in_chaos_v1:monster_flesh":1,"minecraft:melon_slice":6,"minecraft:string":1,"minecraft:stone_axe":65,"minecraft:cobblestone":6,"alexsmobs:animal_dictionary":1},"minecraft:crafted":{"minecraft:oak_planks":36,"quark:jungle_chest":1,"minecraft:bow":1,"minecraft:chest":1,"minecraft:crafting_table":3,"minecraft:mangrove_planks":4,"minecraft:jungle_planks":20,"minecraft:white_wool":6,"minecraft:diamond_pickaxe":1,"minecraft:shield":2,"minecraft:stick":28,"minecraft:white_bed":1,"minecraft:torch":68},"minecraft:broken":{"minecraft:stone_sword":1}},"DataVersion":3465}