{"stats":{"minecraft:mined":{"minecraft:light_blue_stained_glass_pane":2,"luminousworld:grassvariant_4":1,"minecraft:observer":2,"minecraft:grass_block":9,"minecraft:redstone_wire":1,"luminousworld:grassvariant_2":1,"minecraft:cobblestone":1,"minecraft:iron_door":1,"minecraft:spawner":1,"minecraft:black_stained_glass_pane":1,"minecraft:jungle_wood":1,"minecraft:light_gray_stained_glass":1,"minecraft:grass":1,"minecraft:oak_log":10,"minecraft:coal_ore":1,"minecraft:light_gray_concrete":4,"minecraft:dirt":9,"minecraft:smooth_quartz":2,"minecraft:tripwire_hook":1,"minecraft:stonecutter":1,"minecraft:stone":10,"minecraft:tripwire":1},"minecraft:picked_up":{"luminousworld:groundpebbles_1":4,"born_in_chaos_v1:corpse_maggot":2,"minecraft:leather_chestplate":4,"minecraft:wheat":1,"born_in_chaos_v1:monster_flesh":1,"minecraft:iron_door":1,"minecraft:redstone_lamp":7,"minecraft:wooden_pickaxe":1,"minecraft:jungle_wood":5,"aether:iron_gloves":3,"quark:smithing_template_rune":2,"minecraft:oak_log":18,"minecraft:dirt":50,"minecraft:string":30,"tombstone:gift":1,"minecraft:iron_leggings":1,"born_in_chaos_v1:monster_skin":1,"minecraft:leather_boots":3,"minecraft:bone":10,"minecraft:stonecutter":2,"minecraft:gold_nugget":22,"minecraft:wheat_seeds":3,"alexsmobs:banana":2,"minecraft:iron_ingot":2,"minecraft:stone_pickaxe":1,"minecraft:observer":2,"minecraft:smooth_quartz":8,"minecraft:spruce_slab":1,"minecraft:melon_slice":6,"minecraft:iron_sword":1,"minecraft:oak_planks":4,"minecraft:dark_oak_sapling":2,"minecraft:stick":10,"minecraft:stone":16,"luminousworld:creepberries":3,"minecraft:torch":12,"tombstone:grave_dust":9,"minecraft:redstone":5,"minecraft:barrel":1,"minecraft:stone_sword":1,"minecraft:light_gray_concrete":4,"minecraft:arrow":6,"minecraft:rotten_flesh":17,"minecraft:diamond":4,"minecraft:stone_axe":2,"minecraft:soul_lantern":3,"minecraft:golden_horse_armor":1,"tombstone:scroll_of_aquatic_life":1,"tombstone:magic_scroll":1,"minecraft:dark_oak_fence":3,"minecraft:coal":6,"minecraft:bone_block":23,"minecraft:cobblestone":25},"minecraft:killed":{"minecraft:magma_cube":1,"minecraft:husk":5,"creeperoverhaul:bamboo_creeper":1,"minecraft:skeleton":4,"enemyexpansion:botfly":4},"minecraft:killed_by":{"minecraft:husk":3,"minecraft:skeleton":1},"minecraft:custom":{"minecraft:interact_with_furnace":4,"minecraft:mob_kills":15,"minecraft:interact_with_crafting_table":1,"minecraft:tune_noteblock":1,"minecraft:open_barrel":5,"minecraft:interact_with_stonecutter":1,"minecraft:leave_game":1,"minecraft:time_since_death":5820,"minecraft:climb_one_cm":35497,"minecraft:time_since_rest":3919,"minecraft:sprint_one_cm":56297,"minecraft:damage_taken":2578,"minecraft:walk_one_cm":157829,"minecraft:drop":42,"minecraft:damage_dealt":3661,"minecraft:fly_one_cm":57207,"minecraft:open_chest":13,"minecraft:crouch_one_cm":3862,"minecraft:play_time":51458,"tombstone:undead_killed":9,"minecraft:deaths":7,"minecraft:sneak_time":632,"minecraft:walk_under_water_one_cm":4155,"minecraft:jump":489,"minecraft:walk_on_water_one_cm":398,"minecraft:total_world_time":51458,"minecraft:fall_one_cm":7249,"minecraft:inspect_dispenser":1},"minecraft:dropped":{"minecraft:stone_axe":1,"minecraft:wheat_seeds":2,"tombstone:scroll_of_aquatic_life":1,"minecraft:oak_log":16,"minecraft:diamond":4,"minecraft:dark_oak_sapling":1,"minecraft:wheat":3,"minecraft:cobblestone":19,"minecraft:rotten_flesh":6,"minecraft:oak_planks":3,"minecraft:stick":10,"minecraft:dirt":38,"minecraft:leather_chestplate":3,"minecraft:redstone_lamp":7,"minecraft:stone":16,"aether:iron_gloves":1,"tombstone:magic_scroll":1,"minecraft:dark_oak_fence":2,"luminousworld:groundpebbles_1":2,"minecraft:smooth_quartz":6,"minecraft:leather_boots":2,"minecraft:spruce_slab":1,"minecraft:barrel":1,"minecraft:gold_nugget":12,"minecraft:bone_block":12,"minecraft:stonecutter":1,"minecraft:wooden_pickaxe":1,"minecraft:string":29},"minecraft:used":{"minecraft:stone_sword":48,"minecraft:stone_pickaxe":28,"minecraft:torch":8,"minecraft:dirt":12,"minecraft:crafting_table":1,"minecraft:redstone_torch":1,"luminousworld:creepberries":1,"born_in_chaos_v1:monster_flesh":1,"minecraft:melon_slice":6,"minecraft:string":1,"minecraft:stone_axe":65,"minecraft:cobblestone":6,"tombstone:gift":3,"alexsmobs:animal_dictionary":1,"minecraft:observer":2},"minecraft:crafted":{"minecraft:oak_planks":8,"minecraft:crafting_table":2,"minecraft:jungle_planks":4,"minecraft:stick":4,"minecraft:torch":16},"minecraft:broken":{"minecraft:stone_sword":1}},"DataVersion":3465}