{"stats":{"minecraft:picked_up":{"minecraft:cocoa_beans":2,"sophisticatedbackpacks:gold_backpack":1,"luminousworld:groundpebbles_1":4,"minecraft:wheat":1,"minecraft:creeper_head":2,"minecraft:redstone_lamp":7,"aether:iron_gloves":3,"minecraft:wooden_pickaxe":2,"minecraft:wither_rose":1,"minecraft:enchanted_book":1,"minecraft:shield":1,"minecraft:string":73,"minecraft:iron_leggings":1,"create:piston_extension_pole":2,"minecraft:experience_bottle":2,"iceandfire:bestiary":2,"create:sticky_mechanical_piston":1,"minecraft:gold_nugget":46,"alexsmobs:banana":2,"minecraft:observer":2,"minecraft:smooth_quartz":8,"minecraft:spruce_slab":1,"minecraft:melon_slice":56,"minecraft:mangrove_log":2,"minecraft:iron_boots":2,"create:sequenced_gearshift":1,"minecraft:tipped_arrow":1,"minecraft:dark_oak_sapling":2,"minecraft:stick":13,"minecraft:stone":16,"minecraft:torch":54,"minecraft:note_block":1,"minecraft:cookie":5,"tombstone:grave_dust":11,"minecraft:redstone":12,"minecraft:rotten_flesh":19,"minecraft:stone_sword":1,"minecraft:arrow":9,"minecraft:hay_block":8,"minecraft:carved_pumpkin":1,"tombstone:scroll_of_aquatic_life":1,"supplementaries:ash":3,"minecraft:glow_berries":3,"minecraft:white_wool":2,"minecraft:rail":2,"minecraft:skeleton_skull":4,"minecraft:bone_block":47,"minecraft:cobblestone":38,"born_in_chaos_v1:corpse_maggot":3,"minecraft:leather_chestplate":6,"minecraft:repeater":2,"born_in_chaos_v1:monster_flesh":1,"minecraft:iron_door":2,"minecraft:tripwire_hook":2,"minecraft:jungle_wood":11,"quark:smithing_template_rune":2,"create:raw_zinc":10,"minecraft:oak_log":42,"iceandfire:ectoplasm":4,"minecraft:gunpowder":2,"minecraft:lapis_lazuli":5,"minecraft:dirt":137,"tombstone:gift":2,"born_in_chaos_v1:monster_skin":1,"minecraft:leather_boots":4,"minecraft:bone":14,"minecraft:stone_bricks":5,"minecraft:bow":1,"minecraft:stonecutter":2,"minecraft:wheat_seeds":7,"minecraft:iron_ingot":2,"minecraft:stone_pickaxe":1,"create:shaft":2,"minecraft:bamboo":171,"minecraft:honeycomb":3,"minecraft:oak_planks":5,"minecraft:iron_sword":1,"minecraft:mossy_stone_brick_stairs":1,"iceandfire:copper_nugget":14,"minecraft:emerald_block":1,"minecraft:chiseled_stone_bricks":1,"luminousworld:creepberries":11,"create:cogwheel":1,"minecraft:gravel":4,"minecraft:jungle_planks":3,"minecraft:white_bed":4,"minecraft:mossy_stone_brick_slab":1,"minecraft:barrel":1,"minecraft:mossy_cobblestone":17,"minecraft:light_gray_concrete":4,"minecraft:dispenser":1,"minecraft:diamond":4,"minecraft:stone_axe":2,"minecraft:soul_lantern":3,"minecraft:iron_helmet":4,"minecraft:emerald":2,"minecraft:golden_horse_armor":1,"tombstone:magic_scroll":2,"minecraft:oak_sapling":1,"iceandfire:silver_nugget":10,"minecraft:dark_oak_fence":3,"minecraft:coal":20},"minecraft:mined":{"create:zinc_ore":10,"minecraft:light_blue_stained_glass_pane":2,"minecraft:white_bed":4,"minecraft:mossy_cobblestone":7,"luminousworld:grassvariant_4":1,"minecraft:mossy_stone_brick_slab":1,"iceandfire:copper_pile":2,"minecraft:jungle_leaves":14,"minecraft:carved_pumpkin":1,"minecraft:grass_block":24,"minecraft:infested_cobblestone":8,"minecraft:redstone_wire":6,"luminousworld:grassvariant_2":1,"minecraft:chiseled_stone_bricks":1,"minecraft:spawner":1,"minecraft:hay_block":8,"minecraft:black_stained_glass_pane":1,"create:shaft":2,"minecraft:mossy_cobblestone_stairs":1,"iceandfire:gold_pile":3,"minecraft:cave_vines":2,"minecraft:vine":20,"minecraft:light_gray_concrete":4,"minecraft:bamboo":20,"minecraft:stone":22,"minecraft:bone_block":24,"minecraft:white_wool":1,"minecraft:redstone_wall_torch":1,"minecraft:tripwire":8,"luminousworld:creepbush":8,"minecraft:podzol":3,"create:cogwheel":1,"minecraft:observer":3,"minecraft:note_block":1,"minecraft:dropper":1,"minecraft:melon":12,"minecraft:tall_grass":1,"minecraft:cobblestone":12,"minecraft:lapis_ore":1,"minecraft:iron_door":1,"supplementaries:urn":1,"minecraft:skeleton_skull":2,"create:sticky_mechanical_piston":1,"minecraft:repeater":2,"minecraft:jungle_wood":1,"minecraft:creeper_head":1,"minecraft:light_gray_stained_glass":1,"minecraft:wither_rose":1,"minecraft:grass":9,"iceandfire:silver_pile":3,"minecraft:coal_ore":10,"minecraft:oak_log":10,"create:sequenced_gearshift":2,"minecraft:gravel":4,"minecraft:smooth_quartz":2,"minecraft:dirt":52,"minecraft:cobweb":10,"minecraft:stone_bricks":6,"minecraft:tripwire_hook":6,"minecraft:stonecutter":1,"minecraft:mossy_stone_bricks":1,"minecraft:oak_leaves":6,"minecraft:emerald_block":1,"minecraft:fern":4},"minecraft:killed":{"born_in_chaos_v1:maggot":1,"creeperoverhaul:bamboo_creeper":1,"minecraft:skeleton":7,"minecraft:silverfish":14,"minecraft:magma_cube":1,"minecraft:husk":5,"born_in_chaos_v1:baby_skeleton":1,"iceandfire:ghost":8,"born_in_chaos_v1:corpse_fly":2,"enemyexpansion:botfly":4},"minecraft:killed_by":{"minecraft:husk":6,"minecraft:silverfish":3,"minecraft:skeleton":1,"iceandfire:ghost":3,"enemyexpansion:invisicreeper":1},"minecraft:custom":{"minecraft:inspect_dropper":6,"minecraft:mob_kills":44,"minecraft:interact_with_crafting_table":18,"minecraft:open_barrel":12,"minecraft:eat_cake_slice":3,"minecraft:leave_game":1,"minecraft:time_since_death":23196,"minecraft:climb_one_cm":66205,"minecraft:sprint_one_cm":350266,"minecraft:walk_one_cm":563991,"minecraft:damage_blocked_by_shield":372,"minecraft:drop":75,"minecraft:play_noteblock":2,"minecraft:talked_to_villager":3,"minecraft:play_time":201458,"minecraft:deaths":22,"minecraft:sneak_time":2474,"minecraft:walk_under_water_one_cm":22066,"minecraft:jump":2138,"minecraft:interact_with_blast_furnace":2,"minecraft:walk_on_water_one_cm":14572,"minecraft:total_world_time":201458,"minecraft:interact_with_furnace":7,"minecraft:tune_noteblock":2,"minecraft:interact_with_stonecutter":1,"minecraft:sleep_in_bed":2,"minecraft:time_since_rest":20692,"minecraft:damage_taken":6920,"minecraft:trigger_trapped_chest":2,"minecraft:damage_dealt":8715,"tombstone:cast_on_ally":1,"minecraft:swim_one_cm":9388,"minecraft:fly_one_cm":158871,"minecraft:open_chest":52,"minecraft:crouch_one_cm":6482,"tombstone:undead_killed":21,"minecraft:fall_one_cm":53463,"minecraft:inspect_dispenser":5},"minecraft:dropped":{"minecraft:iron_ingot":27,"minecraft:wheat_seeds":3,"minecraft:oak_log":26,"minecraft:mossy_cobblestone":19,"minecraft:diamond":4,"minecraft:dark_oak_sapling":1,"minecraft:iron_helmet":1,"minecraft:cobblestone":19,"minecraft:jungle_wood":1,"minecraft:stick":13,"minecraft:redstone_lamp":7,"minecraft:dirt":38,"tombstone:magic_scroll":1,"minecraft:torch":51,"minecraft:dark_oak_fence":2,"minecraft:smooth_quartz":6,"minecraft:iron_door":1,"minecraft:gold_nugget":12,"minecraft:bone_block":12,"minecraft:stonecutter":1,"minecraft:string":55,"minecraft:creeper_head":1,"minecraft:stone_axe":1,"tombstone:scroll_of_aquatic_life":1,"minecraft:wheat":3,"minecraft:soul_lantern":3,"minecraft:rotten_flesh":14,"minecraft:oak_planks":5,"minecraft:mossy_stone_brick_slab":1,"minecraft:leather_chestplate":4,"minecraft:stone":16,"minecraft:shield":2,"aether:iron_gloves":1,"minecraft:skeleton_skull":4,"minecraft:charcoal":4,"luminousworld:groundpebbles_1":4,"minecraft:leather_boots":3,"iceandfire:bestiary":3,"minecraft:barrel":1,"minecraft:spruce_slab":1,"minecraft:wooden_pickaxe":1,"iceandfire:manuscript":8},"minecraft:used":{"minecraft:stone_sword":48,"minecraft:carved_pumpkin":1,"quark:jungle_chest":1,"minecraft:chest":1,"minecraft:shield":15,"minecraft:iron_sword":209,"tombstone:scroll_of_purification":1,"minecraft:torch":50,"minecraft:dirt":94,"minecraft:cocoa_beans":2,"minecraft:iron_boots":4,"minecraft:stone_bricks":1,"minecraft:bamboo":6,"minecraft:bow":14,"alexsmobs:banana":2,"tombstone:gift":6,"create:sequenced_gearshift":1,"minecraft:observer":2,"minecraft:stone_pickaxe":28,"minecraft:mossy_cobblestone":17,"minecraft:cookie":5,"minecraft:jungle_wood":1,"minecraft:glow_berries":8,"minecraft:crafting_table":4,"minecraft:white_bed":4,"minecraft:redstone_torch":1,"luminousworld:creepberries":3,"minecraft:diamond_pickaxe":130,"minecraft:bread":3,"born_in_chaos_v1:monster_flesh":1,"minecraft:melon_slice":6,"minecraft:string":1,"minecraft:stone_axe":65,"minecraft:cobblestone":6,"alexsmobs:animal_dictionary":1},"minecraft:crafted":{"minecraft:oak_planks":40,"quark:jungle_chest":1,"minecraft:bow":1,"minecraft:chest":1,"minecraft:crafting_table":4,"minecraft:mangrove_planks":4,"minecraft:jungle_planks":20,"minecraft:white_wool":6,"minecraft:diamond_pickaxe":1,"minecraft:shield":2,"minecraft:stick":28,"minecraft:white_bed":1,"minecraft:torch":68},"minecraft:broken":{"minecraft:stone_sword":1,"minecraft:iron_boots":1,"minecraft:iron_chestplate":1,"minecraft:iron_leggings":1,"minecraft:iron_helmet":1}},"DataVersion":3465}