{"stats":{"minecraft:picked_up":{"born_in_chaos_v1:monster_flesh":1,"minecraft:torch":2,"minecraft:oak_log":10,"tombstone:grave_dust":2,"minecraft:string":2,"minecraft:dirt":13,"minecraft:arrow":2,"born_in_chaos_v1:monster_skin":1,"minecraft:stone_sword":1,"minecraft:bone":4,"minecraft:stonecutter":1,"minecraft:stone_axe":1,"minecraft:stone_pickaxe":1,"minecraft:coal":1,"minecraft:cobblestone":9},"minecraft:mined":{"minecraft:light_blue_stained_glass_pane":2,"luminousworld:grassvariant_4":1,"minecraft:coal_ore":1,"minecraft:grass_block":9,"minecraft:oak_log":10,"minecraft:dirt":9,"luminousworld:grassvariant_2":1,"minecraft:tripwire_hook":1,"minecraft:stonecutter":1,"minecraft:stone":10,"minecraft:tripwire":1,"minecraft:spawner":1},"minecraft:killed_by":{"minecraft:skeleton":1},"minecraft:custom":{"minecraft:time_since_rest":1,"minecraft:interact_with_furnace":2,"minecraft:sprint_one_cm":15311,"minecraft:damage_taken":490,"minecraft:walk_one_cm":62313,"minecraft:damage_dealt":529,"minecraft:tune_noteblock":1,"minecraft:interact_with_crafting_table":1,"minecraft:fly_one_cm":10663,"minecraft:open_chest":3,"minecraft:crouch_one_cm":2538,"minecraft:play_time":27458,"minecraft:deaths":2,"minecraft:sneak_time":315,"minecraft:walk_under_water_one_cm":2462,"minecraft:jump":160,"minecraft:interact_with_stonecutter":1,"minecraft:leave_game":1,"minecraft:walk_on_water_one_cm":232,"minecraft:time_since_death":533,"minecraft:climb_one_cm":32698,"minecraft:total_world_time":27458,"minecraft:fall_one_cm":3330},"minecraft:used":{"minecraft:stone_sword":15,"born_in_chaos_v1:monster_flesh":1,"minecraft:stone_pickaxe":13,"minecraft:torch":7,"minecraft:dirt":12,"minecraft:crafting_table":1,"alexsmobs:animal_dictionary":1},"minecraft:crafted":{"minecraft:oak_planks":8,"minecraft:crafting_table":1,"minecraft:stick":4,"minecraft:torch":16}},"DataVersion":3465}