{"stats":{"minecraft:picked_up":{"born_in_chaos_v1:monster_flesh":1,"minecraft:iron_door":1,"aether:iron_gloves":1,"minecraft:oak_log":10,"minecraft:dirt":13,"minecraft:string":2,"born_in_chaos_v1:monster_skin":1,"minecraft:bone":10,"minecraft:stonecutter":1,"minecraft:iron_ingot":2,"minecraft:stone_pickaxe":1,"minecraft:observer":2,"minecraft:smooth_quartz":2,"minecraft:torch":2,"tombstone:grave_dust":2,"minecraft:redstone":3,"minecraft:stone_sword":1,"minecraft:light_gray_concrete":1,"minecraft:arrow":6,"minecraft:rotten_flesh":2,"minecraft:diamond":1,"minecraft:stone_axe":1,"tombstone:scroll_of_aquatic_life":1,"minecraft:coal":1,"minecraft:cobblestone":10},"minecraft:mined":{"minecraft:light_blue_stained_glass_pane":2,"luminousworld:grassvariant_4":1,"minecraft:observer":2,"minecraft:grass_block":9,"minecraft:redstone_wire":1,"luminousworld:grassvariant_2":1,"minecraft:cobblestone":1,"minecraft:iron_door":1,"minecraft:spawner":1,"minecraft:black_stained_glass_pane":1,"minecraft:light_gray_stained_glass":1,"minecraft:grass":1,"minecraft:oak_log":10,"minecraft:coal_ore":1,"minecraft:light_gray_concrete":4,"minecraft:dirt":9,"minecraft:smooth_quartz":2,"minecraft:tripwire_hook":1,"minecraft:stonecutter":1,"minecraft:stone":10,"minecraft:tripwire":1},"minecraft:killed_by":{"minecraft:skeleton":1},"minecraft:killed":{"minecraft:magma_cube":1,"minecraft:husk":1,"creeperoverhaul:bamboo_creeper":1,"minecraft:skeleton":4,"enemyexpansion:botfly":3},"minecraft:custom":{"minecraft:interact_with_furnace":4,"minecraft:mob_kills":10,"minecraft:interact_with_crafting_table":1,"minecraft:tune_noteblock":1,"minecraft:interact_with_stonecutter":1,"minecraft:leave_game":1,"minecraft:time_since_death":2433,"minecraft:climb_one_cm":34054,"minecraft:time_since_rest":1495,"minecraft:sprint_one_cm":27770,"minecraft:damage_taken":1005,"minecraft:walk_one_cm":113554,"minecraft:drop":2,"minecraft:damage_dealt":2616,"minecraft:fly_one_cm":35274,"minecraft:open_chest":12,"minecraft:crouch_one_cm":3791,"minecraft:play_time":39458,"tombstone:undead_killed":5,"minecraft:deaths":3,"minecraft:sneak_time":562,"minecraft:walk_under_water_one_cm":4155,"minecraft:jump":289,"minecraft:walk_on_water_one_cm":398,"minecraft:total_world_time":39458,"minecraft:fall_one_cm":6562,"minecraft:inspect_dispenser":1},"minecraft:dropped":{"minecraft:diamond":1,"aether:iron_gloves":1},"minecraft:used":{"minecraft:stone_sword":48,"minecraft:stone_pickaxe":28,"minecraft:torch":8,"minecraft:dirt":12,"minecraft:crafting_table":1,"minecraft:redstone_torch":1,"born_in_chaos_v1:monster_flesh":1,"minecraft:stone_axe":38,"minecraft:cobblestone":3,"tombstone:gift":1,"alexsmobs:animal_dictionary":1,"minecraft:observer":2},"minecraft:crafted":{"minecraft:oak_planks":8,"minecraft:crafting_table":1,"minecraft:stick":4,"minecraft:torch":16},"minecraft:broken":{"minecraft:stone_sword":1}},"DataVersion":3465}