{"stats":{"minecraft:used":{"alexsmobs:animal_dictionary":1,"minecraft:dirt":8},"minecraft:mined":{"minecraft:grass_block":6,"minecraft:oak_log":6,"luminousworld:grassvariant_4":1,"minecraft:dirt":7},"minecraft:custom":{"minecraft:jump":86,"minecraft:time_since_rest":11221,"minecraft:damage_taken":20,"minecraft:sprint_one_cm":3395,"minecraft:play_time":11221,"minecraft:time_since_death":11221,"minecraft:walk_one_cm":12259,"minecraft:sneak_time":1,"minecraft:total_world_time":11221,"minecraft:fall_one_cm":2995,"minecraft:fly_one_cm":2962},"minecraft:picked_up":{"minecraft:oak_log":6,"minecraft:dirt":9}},"DataVersion":3465}