{"stats":{"minecraft:picked_up":{"minecraft:charcoal":4,"luminousworld:groundpebbles_1":8,"aether:iron_gloves":3,"minecraft:wooden_pickaxe":3,"minecraft:enchanted_book":5,"minecraft:shield":1,"minecraft:string":46,"minecraft:iron_leggings":2,"minecraft:gold_nugget":7,"minecraft:iron_nugget":29,"minecraft:iron_pickaxe":1,"minecraft:smooth_quartz":4,"minecraft:spruce_slab":3,"minecraft:melon_slice":11,"minecraft:coal_block":3,"minecraft:iron_boots":2,"minecraft:dark_oak_sapling":8,"minecraft:stick":30,"minecraft:torch":13,"tombstone:grave_dust":1,"minecraft:iron_horse_armor":1,"minecraft:dark_oak_planks":12,"minecraft:arrow":6,"minecraft:rotten_flesh":23,"tombstone:essence_of_undeath":1,"tombstone:scroll_of_aquatic_life":1,"minecraft:gold_ingot":26,"minecraft:skeleton_skull":3,"minecraft:bone_block":42,"minecraft:cobblestone":58,"born_in_chaos_v1:corpse_maggot":6,"minecraft:leather_chestplate":1,"minecraft:tripwire_hook":1,"minecraft:oak_log":23,"minecraft:dirt":54,"minecraft:lantern":1,"minecraft:leather_boots":5,"minecraft:bone":3,"minecraft:apple":2,"minecraft:wheat_seeds":1,"minecraft:iron_ingot":60,"minecraft:iron_ore":62,"quark:light_gray_shard":3,"luminousworld:creepberries":12,"minecraft:jungle_planks":2,"minecraft:birch_stairs":1,"minecraft:barrel":3,"minecraft:light_gray_concrete":3,"minecraft:diamond":1,"minecraft:soul_lantern":1,"minecraft:bread":11,"minecraft:emerald":3,"tombstone:magic_scroll":1,"minecraft:oak_sapling":4,"minecraft:coal":8},"minecraft:mined":{"minecraft:dark_oak_planks":1,"minecraft:grass_block":7,"minecraft:jungle_planks":3,"luminousworld:grassvariant_2":1,"minecraft:coal_block":3,"minecraft:spawner":3,"minecraft:barrel":1,"minecraft:vine":10,"luminousworld:groundpebbles_2":2,"minecraft:stone":38,"minecraft:bone_block":43,"minecraft:tripwire":3,"luminousworld:creepbush":12,"minecraft:melon":3,"minecraft:wall_torch":1,"minecraft:jungle_wood":5,"minecraft:grass":9,"minecraft:oak_log":23,"minecraft:coal_ore":6,"minecraft:dirt":52,"minecraft:cobweb":18,"minecraft:netherrack":1,"minecraft:oak_leaves":1,"minecraft:fern":4},"minecraft:killed":{"born_in_chaos_v1:zombie_lumberjack":1,"born_in_chaos_v1:maggot":2,"minecraft:skeleton":9,"undead_revamp2:sucker":1,"minecraft:magma_cube":2,"minecraft:zombie":1,"iceandfire:ghost":3,"born_in_chaos_v1:dread_hound":1,"born_in_chaos_v1:door_knight":1},"minecraft:killed_by":{"minecraft:husk":2,"born_in_chaos_v1:zombie_lumberjack":1,"minecraft:skeleton":1,"born_in_chaos_v1:dread_hound":1},"minecraft:custom":{"minecraft:mob_kills":23,"minecraft:interact_with_crafting_table":12,"minecraft:open_barrel":8,"minecraft:damage_dealt_resisted":37,"minecraft:leave_game":2,"minecraft:time_since_death":688,"minecraft:climb_one_cm":47546,"minecraft:sprint_one_cm":60321,"minecraft:walk_one_cm":286045,"minecraft:damage_blocked_by_shield":200,"minecraft:drop":80,"minecraft:play_time":83631,"minecraft:deaths":7,"minecraft:sneak_time":1972,"minecraft:walk_under_water_one_cm":4033,"minecraft:jump":749,"minecraft:walk_on_water_one_cm":4435,"minecraft:total_world_time":83631,"minecraft:interact_with_furnace":4,"minecraft:tune_noteblock":10,"minecraft:time_since_rest":425,"minecraft:damage_taken":3038,"minecraft:trigger_trapped_chest":2,"minecraft:damage_dealt":5959,"minecraft:swim_one_cm":7925,"minecraft:fly_one_cm":42652,"minecraft:open_chest":10,"minecraft:crouch_one_cm":5910,"tombstone:undead_killed":16,"minecraft:fall_one_cm":9621,"minecraft:inspect_dispenser":5},"minecraft:dropped":{"minecraft:iron_ingot":38,"minecraft:wheat_seeds":1,"minecraft:oak_log":16,"minecraft:diamond":1,"minecraft:iron_helmet":1,"minecraft:cobblestone":34,"luminousworld:creepberries":3,"minecraft:stick":14,"minecraft:dirt":23,"minecraft:melon_slice":6,"minecraft:smooth_quartz":4,"minecraft:iron_leggings":1,"minecraft:gold_nugget":7,"minecraft:string":8,"minecraft:dark_oak_planks":1,"minecraft:gold_ingot":26,"minecraft:stone_axe":1,"minecraft:iron_nugget":1,"tombstone:scroll_of_aquatic_life":1,"minecraft:stone_sword":1,"minecraft:rotten_flesh":10,"minecraft:oak_planks":1,"minecraft:iron_boots":1,"minecraft:light_gray_concrete":3,"minecraft:leather_chestplate":1,"minecraft:gunpowder":4,"minecraft:skeleton_skull":1,"aether:iron_gloves":2,"luminousworld:groundpebbles_1":6,"born_in_chaos_v1:corpse_maggot":4,"minecraft:leather_boots":5,"minecraft:oak_sapling":4,"minecraft:barrel":3,"minecraft:spruce_slab":3,"minecraft:wooden_pickaxe":4,"minecraft:stone_pickaxe":1},"minecraft:used":{"minecraft:stone_sword":124,"minecraft:bone_block":19,"minecraft:shield":11,"minecraft:iron_sword":52,"minecraft:iron_chestplate":1,"minecraft:torch":5,"minecraft:dirt":31,"tombstone:scroll_of_aquatic_life":1,"minecraft:jungle_planks":2,"minecraft:dark_oak_planks":10,"minecraft:lantern":1,"minecraft:iron_helmet":5,"minecraft:iron_boots":1,"minecraft:furnace":1,"tombstone:gift":4,"minecraft:iron_leggings":2,"minecraft:bundle":1,"minecraft:stone_pickaxe":88,"minecraft:wooden_pickaxe":10,"minecraft:leather_boots":2,"minecraft:crafting_table":1,"minecraft:oak_log":4,"luminousworld:creepberries":2,"minecraft:apple":2,"minecraft:melon_slice":5,"minecraft:bread":9,"minecraft:iron_pickaxe":3,"tombstone:magic_scroll":2,"minecraft:soul_lantern":1,"minecraft:stone_axe":53,"alexsmobs:animal_dictionary":1},"minecraft:crafted":{"minecraft:oak_planks":12,"minecraft:furnace":1,"minecraft:stone_pickaxe":2,"minecraft:crafting_table":1,"minecraft:wooden_pickaxe":1,"minecraft:iron_sword":1,"minecraft:stone_axe":2,"minecraft:iron_chestplate":1,"minecraft:stick":8,"minecraft:iron_ingot":3,"minecraft:stone_sword":2,"minecraft:gold_ingot":5,"minecraft:torch":16},"minecraft:broken":{"minecraft:stone_sword":1}},"DataVersion":3465}