{"stats":{"minecraft:picked_up":{"born_in_chaos_v1:corpse_maggot":6,"luminousworld:groundpebbles_1":8,"minecraft:leather_chestplate":1,"minecraft:tripwire_hook":1,"minecraft:wooden_pickaxe":3,"aether:iron_gloves":3,"minecraft:enchanted_book":5,"minecraft:oak_log":23,"minecraft:shield":1,"minecraft:dirt":39,"minecraft:string":34,"minecraft:lantern":1,"minecraft:iron_leggings":2,"minecraft:leather_boots":5,"minecraft:bone":3,"minecraft:apple":2,"minecraft:wheat_seeds":1,"minecraft:gold_nugget":7,"minecraft:iron_ingot":60,"minecraft:iron_ore":62,"minecraft:iron_nugget":29,"minecraft:smooth_quartz":4,"minecraft:iron_pickaxe":1,"minecraft:spruce_slab":3,"minecraft:melon_slice":11,"minecraft:coal_block":3,"minecraft:iron_boots":2,"quark:light_gray_shard":3,"minecraft:dark_oak_sapling":8,"minecraft:stick":30,"luminousworld:creepberries":12,"minecraft:torch":13,"minecraft:birch_stairs":1,"tombstone:grave_dust":1,"minecraft:iron_horse_armor":1,"minecraft:barrel":3,"minecraft:dark_oak_planks":12,"minecraft:light_gray_concrete":3,"minecraft:arrow":6,"minecraft:rotten_flesh":15,"minecraft:diamond":1,"minecraft:soul_lantern":1,"minecraft:gold_ingot":26,"tombstone:scroll_of_aquatic_life":1,"minecraft:emerald":3,"minecraft:bread":11,"tombstone:magic_scroll":1,"minecraft:oak_sapling":4,"minecraft:skeleton_skull":1,"minecraft:bone_block":41,"minecraft:coal":8,"minecraft:cobblestone":50},"minecraft:mined":{"minecraft:dark_oak_planks":1,"minecraft:grass_block":7,"minecraft:melon":3,"luminousworld:grassvariant_2":1,"minecraft:coal_block":3,"minecraft:wall_torch":1,"minecraft:spawner":3,"minecraft:jungle_wood":5,"minecraft:barrel":1,"minecraft:vine":5,"minecraft:grass":9,"minecraft:coal_ore":6,"minecraft:oak_log":23,"minecraft:dirt":28,"minecraft:cobweb":10,"luminousworld:groundpebbles_2":2,"minecraft:stone":30,"minecraft:netherrack":1,"minecraft:bone_block":42,"minecraft:oak_leaves":1,"minecraft:tripwire":3,"minecraft:fern":4,"luminousworld:creepbush":12},"minecraft:killed":{"minecraft:magma_cube":2,"born_in_chaos_v1:maggot":2,"minecraft:skeleton":9,"iceandfire:ghost":2,"born_in_chaos_v1:dread_hound":1,"born_in_chaos_v1:door_knight":1,"undead_revamp2:sucker":1},"minecraft:killed_by":{"minecraft:husk":2,"minecraft:skeleton":1,"born_in_chaos_v1:dread_hound":1},"minecraft:custom":{"minecraft:interact_with_furnace":3,"minecraft:mob_kills":19,"minecraft:interact_with_crafting_table":7,"minecraft:tune_noteblock":10,"minecraft:open_barrel":8,"minecraft:damage_dealt_resisted":37,"minecraft:leave_game":2,"minecraft:time_since_death":29839,"minecraft:climb_one_cm":43620,"minecraft:time_since_rest":27650,"minecraft:sprint_one_cm":60086,"minecraft:damage_taken":2415,"minecraft:walk_one_cm":266850,"minecraft:trigger_trapped_chest":2,"minecraft:drop":74,"minecraft:damage_dealt":4101,"minecraft:swim_one_cm":7925,"minecraft:fly_one_cm":41275,"minecraft:open_chest":10,"minecraft:crouch_one_cm":5526,"minecraft:play_time":71631,"tombstone:undead_killed":13,"minecraft:deaths":5,"minecraft:sneak_time":1720,"minecraft:walk_under_water_one_cm":4033,"minecraft:jump":681,"minecraft:walk_on_water_one_cm":4435,"minecraft:total_world_time":71631,"minecraft:fall_one_cm":9421,"minecraft:inspect_dispenser":5},"minecraft:dropped":{"minecraft:iron_ingot":38,"minecraft:stone_axe":1,"minecraft:wheat_seeds":1,"minecraft:iron_nugget":1,"tombstone:scroll_of_aquatic_life":1,"minecraft:oak_log":16,"minecraft:stone_sword":1,"minecraft:diamond":1,"minecraft:iron_helmet":1,"minecraft:cobblestone":34,"minecraft:rotten_flesh":10,"luminousworld:creepberries":3,"minecraft:oak_planks":1,"minecraft:iron_boots":1,"minecraft:light_gray_concrete":3,"minecraft:stick":14,"minecraft:leather_chestplate":1,"minecraft:dirt":18,"minecraft:gunpowder":4,"aether:iron_gloves":2,"luminousworld:groundpebbles_1":6,"minecraft:smooth_quartz":4,"born_in_chaos_v1:corpse_maggot":4,"minecraft:melon_slice":6,"minecraft:gold_nugget":7,"minecraft:leather_boots":5,"minecraft:oak_sapling":4,"minecraft:iron_leggings":1,"minecraft:spruce_slab":3,"minecraft:barrel":3,"minecraft:stone_pickaxe":1,"minecraft:wooden_pickaxe":4,"minecraft:dark_oak_planks":1,"minecraft:string":8,"minecraft:gold_ingot":26},"minecraft:used":{"minecraft:stone_sword":124,"minecraft:bundle":1,"minecraft:stone_pickaxe":79,"minecraft:bone_block":18,"minecraft:wooden_pickaxe":10,"minecraft:iron_sword":2,"minecraft:leather_boots":2,"minecraft:iron_chestplate":1,"minecraft:torch":5,"minecraft:dirt":21,"minecraft:crafting_table":1,"tombstone:scroll_of_aquatic_life":1,"luminousworld:creepberries":2,"minecraft:oak_log":4,"minecraft:dark_oak_planks":10,"minecraft:apple":2,"minecraft:bread":7,"minecraft:lantern":1,"minecraft:melon_slice":5,"minecraft:iron_pickaxe":2,"tombstone:magic_scroll":2,"minecraft:iron_helmet":5,"minecraft:iron_boots":1,"minecraft:soul_lantern":1,"minecraft:stone_axe":52,"tombstone:gift":4,"alexsmobs:animal_dictionary":1,"minecraft:iron_leggings":2},"minecraft:crafted":{"minecraft:oak_planks":12,"minecraft:crafting_table":1,"minecraft:wooden_pickaxe":1,"minecraft:iron_sword":1,"minecraft:stone_axe":2,"minecraft:iron_chestplate":1,"minecraft:stick":8,"minecraft:gold_ingot":5,"minecraft:iron_ingot":3,"minecraft:stone_pickaxe":2,"minecraft:stone_sword":2,"minecraft:torch":16},"minecraft:broken":{"minecraft:stone_sword":1}},"DataVersion":3465}