{"stats":{"minecraft:mined":{"minecraft:grass":2,"minecraft:grass_block":3,"minecraft:oak_log":21,"minecraft:coal_ore":6,"minecraft:dirt":13,"luminousworld:groundpebbles_2":2,"minecraft:stone":30,"minecraft:oak_leaves":1,"minecraft:wall_torch":1,"minecraft:tripwire":3,"minecraft:spawner":2},"minecraft:picked_up":{"luminousworld:groundpebbles_1":2,"minecraft:stick":8,"minecraft:tripwire_hook":1,"minecraft:torch":1,"minecraft:wooden_pickaxe":1,"minecraft:oak_log":21,"minecraft:string":2,"minecraft:dirt":39,"minecraft:arrow":6,"minecraft:bone":3,"minecraft:apple":2,"minecraft:oak_sapling":4,"minecraft:coal":6,"minecraft:cobblestone":31},"minecraft:killed_by":{"born_in_chaos_v1:dread_hound":1,"minecraft:skeleton":1},"minecraft:killed":{"minecraft:skeleton":8,"born_in_chaos_v1:dread_hound":1},"minecraft:custom":{"minecraft:time_since_rest":2925,"minecraft:sprint_one_cm":2919,"minecraft:damage_taken":720,"minecraft:walk_one_cm":72998,"minecraft:mob_kills":9,"minecraft:drop":8,"minecraft:damage_dealt":1344,"minecraft:interact_with_crafting_table":3,"minecraft:tune_noteblock":7,"minecraft:fly_one_cm":1974,"minecraft:open_chest":4,"minecraft:play_time":23631,"minecraft:crouch_one_cm":2382,"tombstone:undead_killed":8,"minecraft:deaths":2,"minecraft:sneak_time":862,"minecraft:walk_under_water_one_cm":1242,"minecraft:jump":135,"minecraft:leave_game":2,"minecraft:time_since_death":5324,"minecraft:walk_on_water_one_cm":449,"minecraft:climb_one_cm":31639,"minecraft:total_world_time":23631,"minecraft:fall_one_cm":3576,"minecraft:inspect_dispenser":3},"minecraft:dropped":{"minecraft:stone_axe":1,"minecraft:stone_sword":1,"minecraft:oak_sapling":4,"minecraft:stone_pickaxe":1,"minecraft:wooden_pickaxe":1},"minecraft:used":{"minecraft:oak_log":3,"minecraft:stone_sword":37,"minecraft:apple":2,"minecraft:stone_pickaxe":28,"minecraft:wooden_pickaxe":10,"minecraft:torch":5,"minecraft:stone_axe":13,"minecraft:dirt":21,"minecraft:crafting_table":1,"alexsmobs:animal_dictionary":1,"minecraft:iron_leggings":1},"minecraft:crafted":{"minecraft:oak_planks":12,"minecraft:crafting_table":1,"minecraft:stick":8,"minecraft:wooden_pickaxe":1,"minecraft:stone_pickaxe":2,"minecraft:stone_sword":2,"minecraft:torch":16,"minecraft:stone_axe":2}},"DataVersion":3465}