{"stats":{"minecraft:picked_up":{"minecraft:cocoa_beans":3,"minecraft:charcoal":4,"luminousworld:groundpebbles_1":8,"minecraft:coarse_dirt":1,"minecraft:wheat":64,"minecraft:creeper_head":1,"aether:iron_gloves":3,"minecraft:wooden_pickaxe":3,"minecraft:enchanted_book":5,"minecraft:shield":1,"iceandfire:manuscript":52,"minecraft:string":55,"minecraft:iron_leggings":2,"create:piston_extension_pole":1,"create:water_wheel":1,"iceandfire:bestiary":3,"minecraft:gold_nugget":7,"minecraft:beef":2,"minecraft:observer":1,"minecraft:iron_nugget":35,"minecraft:iron_pickaxe":1,"minecraft:smooth_quartz":4,"minecraft:spruce_slab":3,"minecraft:melon_slice":36,"minecraft:coal_block":3,"minecraft:iron_boots":2,"minecraft:dark_oak_sapling":8,"minecraft:stick":30,"minecraft:torch":40,"minecraft:pointed_dripstone":2,"tombstone:grave_dust":1,"minecraft:diorite":2,"minecraft:iron_horse_armor":2,"minecraft:stone_pressure_plate":1,"minecraft:dark_oak_planks":12,"minecraft:light_gray_bed":1,"minecraft:arrow":7,"minecraft:rotten_flesh":26,"minecraft:totem_of_undying":1,"tombstone:essence_of_undeath":1,"tombstone:scroll_of_aquatic_life":1,"minecraft:gold_ingot":26,"minecraft:glow_berries":4,"minecraft:rail":1,"minecraft:skeleton_skull":3,"minecraft:bone_block":42,"minecraft:cobblestone":73,"born_in_chaos_v1:corpse_maggot":9,"minecraft:leather_chestplate":1,"minecraft:iron_door":1,"minecraft:tripwire_hook":1,"luminousworld:ishstone":1,"minecraft:leather":2,"minecraft:potato":1,"minecraft:oak_log":33,"minecraft:paper":1,"minecraft:dirt":57,"minecraft:lantern":1,"minecraft:leather_boots":5,"minecraft:bone":4,"minecraft:apple":2,"minecraft:stone_bricks":3,"minecraft:wheat_seeds":119,"minecraft:iron_ingot":87,"minecraft:iron_ore":62,"create:shaft":1,"minecraft:mossy_stone_bricks":2,"minecraft:bamboo":51,"minecraft:oak_planks":1,"minecraft:book":6,"quark:light_gray_shard":3,"luminousworld:creepberries":22,"create:cogwheel":5,"minecraft:jungle_planks":14,"minecraft:birch_stairs":1,"minecraft:blast_furnace":1,"minecraft:barrel":3,"minecraft:mossy_cobblestone":33,"minecraft:light_gray_concrete":3,"minecraft:diamond":1,"minecraft:soul_lantern":1,"minecraft:bread":11,"minecraft:emerald":11,"tombstone:magic_scroll":1,"minecraft:oak_sapling":4,"iceandfire:silver_nugget":2,"minecraft:coal":20},"minecraft:mined":{"minecraft:dark_oak_planks":1,"minecraft:stone_pressure_plate":1,"minecraft:mossy_cobblestone":17,"minecraft:jungle_leaves":4,"minecraft:cave_vines_plant":1,"minecraft:grass_block":8,"minecraft:infested_cobblestone":3,"minecraft:jungle_planks":4,"minecraft:light_gray_bed":1,"luminousworld:grassvariant_2":1,"minecraft:coal_block":3,"minecraft:chiseled_stone_bricks":4,"minecraft:spawner":3,"create:shaft":1,"luminousworld:yellow_grassflowers":1,"minecraft:fire":5,"minecraft:barrel":2,"minecraft:bookshelf":2,"minecraft:pointed_dripstone":1,"minecraft:vine":17,"minecraft:bamboo":15,"luminousworld:groundpebbles_2":2,"minecraft:stone":38,"minecraft:bone_block":43,"minecraft:white_wool":1,"minecraft:tripwire":17,"luminousworld:creepbush":22,"create:cogwheel":5,"create:piston_extension_pole":1,"minecraft:observer":1,"minecraft:torch":1,"minecraft:blast_furnace":1,"minecraft:dropper":1,"minecraft:melon":8,"create:water_wheel":1,"minecraft:cobblestone":14,"minecraft:oak_planks":1,"minecraft:iron_door":1,"minecraft:wall_torch":1,"minecraft:coarse_dirt":1,"minecraft:jungle_wood":5,"iceandfire:silver_pile":1,"minecraft:grass":17,"minecraft:oak_log":23,"minecraft:coal_ore":23,"luminousworld:ishstone":1,"minecraft:cocoa":1,"minecraft:dirt":58,"minecraft:cobweb":20,"minecraft:stone_bricks":1,"minecraft:dispenser":1,"minecraft:netherrack":1,"minecraft:mossy_stone_bricks":1,"minecraft:oak_leaves":5,"minecraft:fern":9},"minecraft:killed_by":{"minecraft:husk":3,"born_in_chaos_v1:zombie_lumberjack":1,"minecraft:silverfish":3,"minecraft:skeleton":1,"iceandfire:ghost":1,"born_in_chaos_v1:dread_hound":1},"minecraft:killed":{"illagerinvasion:archivist":1,"luminousworld:miner_zombie":1,"minecraft:evoker":1,"born_in_chaos_v1:zombie_lumberjack":1,"born_in_chaos_v1:skeleton_demoman":1,"minecraft:vindicator":2,"enemyexpansion:direwolf":1,"illagerinvasion:basher":2,"born_in_chaos_v1:maggot":2,"minecraft:skeleton":10,"minecraft:silverfish":13,"minecraft:drowned":1,"undead_revamp2:sucker":1,"minecraft:magma_cube":2,"undead_revamp2:the_moonflower":1,"minecraft:zombie":1,"iceandfire:ghost":3,"born_in_chaos_v1:dread_hound":1,"born_in_chaos_v1:corpse_fly":1,"enemyexpansion:huntsman":1,"born_in_chaos_v1:door_knight":1,"minecraft:cow":1},"minecraft:custom":{"minecraft:inspect_dropper":2,"minecraft:mob_kills":52,"minecraft:interact_with_crafting_table":26,"minecraft:open_barrel":11,"minecraft:damage_dealt_resisted":37,"minecraft:leave_game":2,"minecraft:time_since_death":46483,"minecraft:climb_one_cm":80357,"minecraft:sprint_one_cm":277816,"minecraft:walk_one_cm":794018,"minecraft:damage_blocked_by_shield":530,"minecraft:drop":94,"minecraft:talked_to_villager":10,"minecraft:play_time":221631,"minecraft:deaths":14,"minecraft:sneak_time":5474,"minecraft:walk_under_water_one_cm":34498,"minecraft:jump":2400,"minecraft:walk_on_water_one_cm":26169,"minecraft:total_world_time":221631,"minecraft:interact_with_furnace":10,"tombstone:raider_killed":6,"minecraft:traded_with_villager":3,"minecraft:tune_noteblock":10,"minecraft:sleep_in_bed":3,"minecraft:time_since_rest":15087,"minecraft:damage_taken":7528,"minecraft:damage_absorbed":40,"minecraft:trigger_trapped_chest":3,"minecraft:damage_dealt":9433,"minecraft:player_kills":1,"minecraft:swim_one_cm":27070,"minecraft:fly_one_cm":163602,"minecraft:open_chest":52,"minecraft:crouch_one_cm":17103,"tombstone:undead_killed":22,"minecraft:fall_one_cm":54476,"minecraft:inspect_dispenser":8},"minecraft:dropped":{"minecraft:iron_ingot":38,"minecraft:wheat_seeds":1,"minecraft:oak_log":16,"minecraft:diamond":1,"minecraft:iron_helmet":2,"minecraft:cobblestone":34,"luminousworld:creepberries":3,"minecraft:emerald":1,"sophisticatedbackpacks:gold_backpack":1,"minecraft:stick":14,"minecraft:dirt":23,"minecraft:melon_slice":6,"minecraft:smooth_quartz":4,"minecraft:iron_leggings":1,"minecraft:gold_nugget":7,"minecraft:string":8,"minecraft:dark_oak_planks":1,"minecraft:gold_ingot":26,"minecraft:stone_axe":1,"minecraft:creeper_head":1,"minecraft:iron_nugget":1,"tombstone:scroll_of_aquatic_life":1,"minecraft:stone_sword":1,"minecraft:rotten_flesh":10,"minecraft:oak_planks":1,"minecraft:iron_boots":2,"minecraft:light_gray_concrete":3,"minecraft:leather_chestplate":1,"supplementaries:ash":5,"minecraft:gunpowder":4,"minecraft:skeleton_skull":1,"aether:iron_gloves":2,"luminousworld:groundpebbles_1":6,"born_in_chaos_v1:corpse_maggot":7,"minecraft:leather_boots":5,"minecraft:oak_sapling":4,"iceandfire:bestiary":1,"minecraft:barrel":3,"minecraft:spruce_slab":3,"minecraft:wooden_pickaxe":4,"minecraft:stone_pickaxe":1},"minecraft:used":{"minecraft:stone_sword":124,"minecraft:bone_block":19,"minecraft:shield":19,"minecraft:iron_sword":102,"minecraft:rotten_flesh":1,"minecraft:iron_chestplate":1,"minecraft:torch":59,"minecraft:dirt":31,"tombstone:scroll_of_aquatic_life":1,"minecraft:jungle_planks":2,"minecraft:dark_oak_planks":10,"minecraft:lantern":1,"minecraft:iron_helmet":5,"minecraft:iron_boots":1,"minecraft:bow":21,"minecraft:furnace":1,"tombstone:gift":5,"minecraft:iron_leggings":2,"minecraft:bundle":1,"minecraft:stone_pickaxe":88,"minecraft:oak_planks":2,"minecraft:wooden_pickaxe":10,"minecraft:leather_boots":2,"minecraft:mossy_cobblestone":18,"minecraft:glow_berries":3,"minecraft:white_wool":3,"minecraft:golden_apple":1,"minecraft:crafting_table":1,"minecraft:oak_log":4,"luminousworld:creepberries":19,"minecraft:diamond_pickaxe":22,"minecraft:apple":2,"minecraft:melon_slice":30,"minecraft:bread":24,"minecraft:iron_pickaxe":72,"tombstone:magic_scroll":2,"minecraft:iron_door":1,"minecraft:soul_lantern":1,"minecraft:stone_axe":112,"minecraft:cobblestone":3,"alexsmobs:animal_dictionary":1,"minecraft:brush":23,"minecraft:coarse_dirt":1,"minecraft:cobweb":4},"minecraft:crafted":{"minecraft:oak_planks":32,"minecraft:coal":9,"minecraft:furnace":1,"minecraft:bow":1,"minecraft:iron_boots":2,"minecraft:leather":8,"minecraft:stone_pickaxe":2,"iceandfire:manuscript":12,"sophisticatedbackpacks:iron_backpack":2,"sophisticatedbackpacks:backpack":2,"minecraft:crafting_table":1,"minecraft:iron_helmet":2,"minecraft:wooden_pickaxe":1,"minecraft:iron_sword":1,"sophisticatedbackpacks:gold_backpack":2,"minecraft:mangrove_planks":4,"minecraft:stone_axe":2,"minecraft:bread":16,"minecraft:air":0,"minecraft:diamond_pickaxe":1,"minecraft:iron_chestplate":1,"minecraft:stick":20,"quark:oak_chest":2,"minecraft:iron_ingot":3,"minecraft:stone_sword":2,"minecraft:gold_ingot":5,"minecraft:torch":36},"minecraft:broken":{"minecraft:stone_sword":1,"minecraft:iron_boots":1,"minecraft:iron_chestplate":1,"minecraft:stone_axe":1,"minecraft:iron_helmet":1}},"DataVersion":3465}