{"stats":{"minecraft:picked_up":{"minecraft:cocoa_beans":3,"minecraft:charcoal":4,"luminousworld:groundpebbles_1":8,"aether:iron_gloves":3,"minecraft:wooden_pickaxe":3,"minecraft:enchanted_book":5,"minecraft:shield":1,"minecraft:string":55,"minecraft:iron_leggings":2,"create:piston_extension_pole":1,"create:water_wheel":1,"minecraft:gold_nugget":7,"minecraft:observer":1,"minecraft:iron_nugget":29,"minecraft:iron_pickaxe":1,"minecraft:smooth_quartz":4,"minecraft:spruce_slab":3,"minecraft:melon_slice":20,"minecraft:coal_block":3,"minecraft:iron_boots":2,"minecraft:dark_oak_sapling":8,"minecraft:stick":30,"minecraft:torch":40,"minecraft:pointed_dripstone":2,"tombstone:grave_dust":1,"minecraft:diorite":2,"minecraft:iron_horse_armor":2,"minecraft:stone_pressure_plate":1,"minecraft:dark_oak_planks":12,"minecraft:arrow":7,"minecraft:rotten_flesh":26,"tombstone:essence_of_undeath":1,"tombstone:scroll_of_aquatic_life":1,"minecraft:gold_ingot":26,"minecraft:rail":1,"minecraft:skeleton_skull":3,"minecraft:bone_block":42,"minecraft:cobblestone":70,"born_in_chaos_v1:corpse_maggot":6,"minecraft:leather_chestplate":1,"minecraft:tripwire_hook":1,"luminousworld:ishstone":1,"minecraft:oak_log":33,"minecraft:dirt":57,"minecraft:lantern":1,"minecraft:leather_boots":5,"minecraft:bone":4,"minecraft:apple":2,"minecraft:wheat_seeds":1,"minecraft:iron_ingot":60,"minecraft:iron_ore":62,"create:shaft":1,"minecraft:mossy_stone_bricks":1,"minecraft:bamboo":44,"quark:light_gray_shard":3,"luminousworld:creepberries":12,"create:cogwheel":5,"minecraft:jungle_planks":14,"minecraft:birch_stairs":1,"minecraft:blast_furnace":1,"minecraft:barrel":3,"minecraft:light_gray_concrete":3,"minecraft:diamond":1,"minecraft:soul_lantern":1,"minecraft:bread":11,"minecraft:emerald":4,"tombstone:magic_scroll":1,"minecraft:oak_sapling":4,"minecraft:coal":20},"minecraft:mined":{"minecraft:dark_oak_planks":1,"minecraft:stone_pressure_plate":1,"minecraft:jungle_leaves":1,"minecraft:grass_block":8,"minecraft:infested_cobblestone":2,"minecraft:jungle_planks":4,"luminousworld:grassvariant_2":1,"minecraft:coal_block":3,"minecraft:spawner":3,"create:shaft":1,"luminousworld:yellow_grassflowers":1,"minecraft:barrel":2,"minecraft:pointed_dripstone":1,"minecraft:vine":14,"minecraft:bamboo":14,"luminousworld:groundpebbles_2":2,"minecraft:stone":38,"minecraft:bone_block":43,"minecraft:white_wool":1,"minecraft:tripwire":17,"luminousworld:creepbush":12,"create:cogwheel":5,"create:piston_extension_pole":1,"minecraft:observer":1,"minecraft:torch":1,"minecraft:blast_furnace":1,"minecraft:dropper":1,"minecraft:melon":5,"create:water_wheel":1,"minecraft:cobblestone":10,"minecraft:wall_torch":1,"minecraft:jungle_wood":5,"minecraft:grass":10,"minecraft:oak_log":23,"minecraft:coal_ore":23,"luminousworld:ishstone":1,"minecraft:cocoa":1,"minecraft:dirt":58,"minecraft:cobweb":20,"minecraft:dispenser":1,"minecraft:netherrack":1,"minecraft:oak_leaves":5,"minecraft:fern":5},"minecraft:killed_by":{"minecraft:husk":2,"born_in_chaos_v1:zombie_lumberjack":1,"minecraft:silverfish":3,"minecraft:skeleton":1,"born_in_chaos_v1:dread_hound":1},"minecraft:killed":{"luminousworld:miner_zombie":1,"born_in_chaos_v1:zombie_lumberjack":1,"born_in_chaos_v1:skeleton_demoman":1,"enemyexpansion:direwolf":1,"born_in_chaos_v1:maggot":2,"minecraft:skeleton":10,"minecraft:silverfish":12,"minecraft:drowned":1,"undead_revamp2:sucker":1,"minecraft:magma_cube":2,"undead_revamp2:the_moonflower":1,"minecraft:zombie":1,"iceandfire:ghost":3,"born_in_chaos_v1:dread_hound":1,"born_in_chaos_v1:door_knight":1},"minecraft:custom":{"minecraft:inspect_dropper":1,"minecraft:mob_kills":42,"minecraft:interact_with_crafting_table":19,"minecraft:open_barrel":11,"minecraft:damage_dealt_resisted":37,"minecraft:leave_game":2,"minecraft:time_since_death":4833,"minecraft:climb_one_cm":66427,"minecraft:sprint_one_cm":125350,"minecraft:walk_one_cm":490564,"minecraft:damage_blocked_by_shield":380,"minecraft:drop":81,"minecraft:play_time":137631,"minecraft:deaths":11,"minecraft:sneak_time":4339,"minecraft:walk_under_water_one_cm":33263,"minecraft:jump":1325,"minecraft:walk_on_water_one_cm":25164,"minecraft:total_world_time":137631,"minecraft:interact_with_furnace":10,"minecraft:tune_noteblock":10,"minecraft:time_since_rest":4275,"minecraft:damage_taken":5770,"minecraft:damage_absorbed":40,"minecraft:trigger_trapped_chest":2,"minecraft:damage_dealt":7584,"minecraft:swim_one_cm":27070,"minecraft:fly_one_cm":69174,"minecraft:open_chest":38,"minecraft:crouch_one_cm":14835,"tombstone:undead_killed":21,"minecraft:fall_one_cm":19005,"minecraft:inspect_dispenser":8},"minecraft:dropped":{"minecraft:iron_ingot":38,"minecraft:wheat_seeds":1,"minecraft:oak_log":16,"minecraft:diamond":1,"minecraft:iron_helmet":1,"minecraft:cobblestone":34,"luminousworld:creepberries":3,"sophisticatedbackpacks:gold_backpack":1,"minecraft:stick":14,"minecraft:dirt":23,"minecraft:melon_slice":6,"minecraft:smooth_quartz":4,"minecraft:iron_leggings":1,"minecraft:gold_nugget":7,"minecraft:string":8,"minecraft:dark_oak_planks":1,"minecraft:gold_ingot":26,"minecraft:stone_axe":1,"minecraft:iron_nugget":1,"tombstone:scroll_of_aquatic_life":1,"minecraft:stone_sword":1,"minecraft:rotten_flesh":10,"minecraft:oak_planks":1,"minecraft:iron_boots":1,"minecraft:light_gray_concrete":3,"minecraft:leather_chestplate":1,"minecraft:gunpowder":4,"minecraft:skeleton_skull":1,"aether:iron_gloves":2,"luminousworld:groundpebbles_1":6,"born_in_chaos_v1:corpse_maggot":4,"minecraft:leather_boots":5,"minecraft:oak_sapling":4,"minecraft:barrel":3,"minecraft:spruce_slab":3,"minecraft:wooden_pickaxe":4,"minecraft:stone_pickaxe":1},"minecraft:used":{"minecraft:stone_sword":124,"minecraft:bone_block":19,"minecraft:shield":15,"minecraft:iron_sword":102,"minecraft:iron_chestplate":1,"minecraft:torch":59,"minecraft:dirt":31,"tombstone:scroll_of_aquatic_life":1,"minecraft:jungle_planks":2,"minecraft:dark_oak_planks":10,"minecraft:lantern":1,"minecraft:iron_helmet":5,"minecraft:iron_boots":1,"minecraft:bow":21,"minecraft:furnace":1,"tombstone:gift":4,"minecraft:iron_leggings":2,"minecraft:bundle":1,"minecraft:stone_pickaxe":88,"minecraft:wooden_pickaxe":10,"minecraft:leather_boots":2,"minecraft:white_wool":3,"minecraft:golden_apple":1,"minecraft:crafting_table":1,"minecraft:oak_log":4,"luminousworld:creepberries":9,"minecraft:apple":2,"minecraft:melon_slice":14,"minecraft:bread":17,"minecraft:iron_pickaxe":65,"tombstone:magic_scroll":2,"minecraft:soul_lantern":1,"minecraft:stone_axe":59,"alexsmobs:animal_dictionary":1,"minecraft:brush":5},"minecraft:crafted":{"minecraft:oak_planks":28,"minecraft:coal":9,"minecraft:furnace":1,"minecraft:bow":1,"minecraft:leather":8,"minecraft:stone_pickaxe":2,"sophisticatedbackpacks:iron_backpack":2,"sophisticatedbackpacks:backpack":2,"minecraft:crafting_table":1,"minecraft:wooden_pickaxe":1,"minecraft:iron_sword":1,"sophisticatedbackpacks:gold_backpack":2,"minecraft:mangrove_planks":4,"minecraft:stone_axe":2,"minecraft:air":0,"minecraft:iron_chestplate":1,"minecraft:stick":16,"quark:oak_chest":2,"minecraft:iron_ingot":3,"minecraft:stone_sword":2,"minecraft:gold_ingot":5,"minecraft:torch":36},"minecraft:broken":{"minecraft:stone_sword":1,"minecraft:iron_boots":1,"minecraft:iron_helmet":1}},"DataVersion":3465}