{"stats":{"minecraft:mined":{"minecraft:grass_block":3,"minecraft:melon":3,"minecraft:coal_block":3,"minecraft:wall_torch":1,"minecraft:spawner":3,"minecraft:grass":7,"minecraft:coal_ore":6,"minecraft:oak_log":23,"minecraft:dirt":13,"minecraft:cobweb":10,"luminousworld:groundpebbles_2":2,"minecraft:stone":30,"minecraft:oak_leaves":1,"minecraft:tripwire":3,"minecraft:fern":4,"luminousworld:creepbush":9},"minecraft:picked_up":{"born_in_chaos_v1:corpse_maggot":2,"luminousworld:groundpebbles_1":2,"minecraft:tripwire_hook":1,"minecraft:wooden_pickaxe":1,"aether:iron_gloves":1,"minecraft:oak_log":23,"minecraft:dirt":39,"minecraft:string":8,"minecraft:bone":3,"minecraft:apple":2,"minecraft:wheat_seeds":1,"minecraft:spruce_slab":1,"minecraft:melon_slice":11,"minecraft:coal_block":3,"quark:light_gray_shard":3,"minecraft:stick":8,"luminousworld:creepberries":9,"minecraft:torch":1,"minecraft:light_gray_concrete":3,"minecraft:arrow":6,"minecraft:rotten_flesh":1,"minecraft:diamond":1,"minecraft:oak_sapling":4,"minecraft:coal":6,"minecraft:cobblestone":31},"minecraft:killed":{"minecraft:magma_cube":2,"born_in_chaos_v1:maggot":2,"minecraft:skeleton":9,"born_in_chaos_v1:dread_hound":1,"born_in_chaos_v1:door_knight":1},"minecraft:killed_by":{"minecraft:husk":1,"minecraft:skeleton":1,"born_in_chaos_v1:dread_hound":1},"minecraft:custom":{"minecraft:interact_with_furnace":3,"minecraft:mob_kills":15,"minecraft:interact_with_crafting_table":3,"minecraft:tune_noteblock":10,"minecraft:damage_dealt_resisted":37,"minecraft:leave_game":2,"minecraft:time_since_death":2110,"minecraft:climb_one_cm":34021,"minecraft:time_since_rest":1130,"minecraft:sprint_one_cm":10246,"minecraft:damage_taken":929,"minecraft:walk_one_cm":140219,"minecraft:drop":11,"minecraft:damage_dealt":2498,"minecraft:fly_one_cm":6677,"minecraft:open_chest":6,"minecraft:crouch_one_cm":4396,"minecraft:play_time":35631,"tombstone:undead_killed":10,"minecraft:deaths":3,"minecraft:sneak_time":1238,"minecraft:walk_under_water_one_cm":3048,"minecraft:jump":284,"minecraft:walk_on_water_one_cm":1011,"minecraft:total_world_time":35631,"minecraft:fall_one_cm":5891,"minecraft:inspect_dispenser":5},"minecraft:dropped":{"minecraft:stone_axe":1,"tombstone:scroll_of_aquatic_life":1,"minecraft:stone_sword":1,"minecraft:diamond":1,"aether:iron_gloves":1,"minecraft:oak_sapling":4,"minecraft:stone_pickaxe":1,"minecraft:wooden_pickaxe":1},"minecraft:used":{"minecraft:stone_sword":101,"minecraft:stone_pickaxe":32,"minecraft:wooden_pickaxe":10,"minecraft:torch":5,"minecraft:dirt":21,"minecraft:crafting_table":1,"minecraft:oak_log":4,"minecraft:apple":2,"minecraft:stone_axe":33,"alexsmobs:animal_dictionary":1,"minecraft:iron_leggings":1},"minecraft:crafted":{"minecraft:oak_planks":12,"minecraft:crafting_table":1,"minecraft:wooden_pickaxe":1,"minecraft:stone_axe":2,"minecraft:stick":8,"minecraft:stone_pickaxe":2,"minecraft:stone_sword":2,"minecraft:torch":16}},"DataVersion":3465}