{"stats":{"minecraft:picked_up":{"born_in_chaos_v1:corpse_maggot":6,"luminousworld:groundpebbles_1":6,"minecraft:leather_chestplate":1,"minecraft:tripwire_hook":1,"minecraft:wooden_pickaxe":3,"aether:iron_gloves":3,"minecraft:enchanted_book":5,"minecraft:oak_log":23,"minecraft:dirt":39,"minecraft:string":8,"minecraft:lantern":1,"minecraft:iron_leggings":2,"minecraft:leather_boots":4,"minecraft:bone":3,"minecraft:apple":2,"minecraft:wheat_seeds":1,"minecraft:iron_ingot":22,"minecraft:iron_ore":62,"minecraft:iron_nugget":28,"minecraft:iron_pickaxe":1,"minecraft:spruce_slab":2,"minecraft:melon_slice":11,"minecraft:coal_block":3,"minecraft:iron_boots":2,"quark:light_gray_shard":3,"minecraft:dark_oak_sapling":8,"minecraft:stick":13,"luminousworld:creepberries":9,"minecraft:torch":13,"minecraft:birch_stairs":1,"tombstone:grave_dust":1,"minecraft:iron_horse_armor":1,"minecraft:barrel":2,"minecraft:dark_oak_planks":11,"minecraft:light_gray_concrete":3,"minecraft:arrow":6,"minecraft:rotten_flesh":15,"minecraft:diamond":1,"minecraft:soul_lantern":1,"minecraft:emerald":3,"minecraft:bread":11,"minecraft:oak_sapling":4,"minecraft:coal":8,"minecraft:cobblestone":31},"minecraft:mined":{"minecraft:dark_oak_planks":1,"minecraft:grass_block":3,"minecraft:melon":3,"minecraft:coal_block":3,"minecraft:wall_torch":1,"minecraft:spawner":3,"minecraft:jungle_wood":5,"minecraft:barrel":1,"minecraft:grass":9,"minecraft:coal_ore":6,"minecraft:oak_log":23,"minecraft:dirt":13,"minecraft:cobweb":10,"luminousworld:groundpebbles_2":2,"minecraft:stone":30,"minecraft:oak_leaves":1,"minecraft:tripwire":3,"minecraft:fern":4,"luminousworld:creepbush":9},"minecraft:killed":{"minecraft:magma_cube":2,"born_in_chaos_v1:maggot":2,"minecraft:skeleton":9,"born_in_chaos_v1:dread_hound":1,"born_in_chaos_v1:door_knight":1},"minecraft:killed_by":{"minecraft:husk":2,"minecraft:skeleton":1,"born_in_chaos_v1:dread_hound":1},"minecraft:custom":{"minecraft:interact_with_furnace":3,"minecraft:mob_kills":16,"minecraft:interact_with_crafting_table":3,"minecraft:tune_noteblock":10,"minecraft:open_barrel":4,"minecraft:damage_dealt_resisted":37,"minecraft:leave_game":2,"minecraft:time_since_death":5839,"minecraft:climb_one_cm":34997,"minecraft:time_since_rest":3650,"minecraft:sprint_one_cm":43035,"minecraft:damage_taken":2057,"minecraft:walk_one_cm":203810,"minecraft:drop":47,"minecraft:damage_dealt":3191,"minecraft:fly_one_cm":27259,"minecraft:open_chest":10,"minecraft:crouch_one_cm":4790,"minecraft:play_time":47631,"tombstone:undead_killed":10,"minecraft:deaths":5,"minecraft:sneak_time":1364,"minecraft:walk_under_water_one_cm":3048,"minecraft:jump":514,"minecraft:walk_on_water_one_cm":1011,"minecraft:total_world_time":47631,"minecraft:fall_one_cm":6845,"minecraft:inspect_dispenser":5},"minecraft:dropped":{"minecraft:stone_axe":1,"minecraft:wheat_seeds":1,"tombstone:scroll_of_aquatic_life":1,"minecraft:oak_log":16,"minecraft:stone_sword":1,"minecraft:diamond":1,"minecraft:cobblestone":15,"minecraft:rotten_flesh":10,"luminousworld:creepberries":3,"minecraft:oak_planks":1,"minecraft:light_gray_concrete":3,"minecraft:dirt":18,"aether:iron_gloves":2,"luminousworld:groundpebbles_1":4,"born_in_chaos_v1:corpse_maggot":4,"minecraft:melon_slice":6,"minecraft:leather_boots":4,"minecraft:oak_sapling":4,"minecraft:iron_leggings":1,"minecraft:spruce_slab":2,"minecraft:barrel":2,"minecraft:stone_pickaxe":1,"minecraft:wooden_pickaxe":4,"minecraft:string":8},"minecraft:used":{"minecraft:stone_sword":124,"minecraft:stone_pickaxe":32,"minecraft:wooden_pickaxe":10,"minecraft:leather_boots":1,"minecraft:torch":5,"minecraft:dirt":21,"minecraft:crafting_table":1,"luminousworld:creepberries":2,"minecraft:oak_log":4,"minecraft:dark_oak_planks":10,"minecraft:apple":2,"minecraft:lantern":1,"minecraft:melon_slice":5,"minecraft:iron_helmet":1,"minecraft:soul_lantern":1,"minecraft:stone_axe":40,"tombstone:gift":4,"alexsmobs:animal_dictionary":1,"minecraft:iron_leggings":2},"minecraft:crafted":{"minecraft:oak_planks":12,"minecraft:crafting_table":1,"minecraft:wooden_pickaxe":1,"minecraft:stone_axe":2,"minecraft:stick":8,"minecraft:stone_pickaxe":2,"minecraft:stone_sword":2,"minecraft:torch":16},"minecraft:broken":{"minecraft:stone_sword":1}},"DataVersion":3465}