{"stats":{"minecraft:used":{"minecraft:oak_log":2,"minecraft:dirt":18,"minecraft:stone_sword":5,"minecraft:crafting_table":1,"minecraft:stone_pickaxe":7,"alexsmobs:animal_dictionary":1,"minecraft:wooden_pickaxe":10},"minecraft:crafted":{"minecraft:stone_sword":1,"minecraft:oak_planks":12,"minecraft:stone_axe":1,"minecraft:crafting_table":1,"minecraft:stick":4,"minecraft:wooden_pickaxe":1,"minecraft:stone_pickaxe":1},"minecraft:mined":{"minecraft:grass":2,"minecraft:oak_log":8,"minecraft:stone":17},"minecraft:custom":{"minecraft:time_since_rest":8159,"minecraft:sprint_one_cm":125,"tombstone:undead_killed":1,"minecraft:play_time":8159,"minecraft:damage_taken":220,"minecraft:walk_one_cm":5458,"minecraft:mob_kills":1,"minecraft:drop":1,"minecraft:jump":13,"minecraft:damage_dealt":210,"minecraft:leave_game":1,"minecraft:time_since_death":8159,"minecraft:total_world_time":8159,"minecraft:fly_one_cm":76,"minecraft:interact_with_crafting_table":2,"minecraft:fall_one_cm":687},"minecraft:picked_up":{"minecraft:stick":3,"minecraft:bone":1,"minecraft:wooden_pickaxe":1,"minecraft:oak_log":8,"minecraft:dirt":26,"minecraft:cobblestone":18},"minecraft:dropped":{"minecraft:wooden_pickaxe":1},"minecraft:killed":{"minecraft:skeleton":1}},"DataVersion":3465}